user_id,post_id,post_content,likes,shares,post_date
1001,001,"Loving the new iPhone! #Apple #Tech https://apple.com",120,50,2024-02-20
1002,002,,95,30,2024-02-19
1003,003,"Check out my new sneakers! #Nike #style ğŸ‘Ÿ",,75,2024-02-18
1004,004,"Canâ€™t wait to travel again! âœˆï¸ #wanderlust #travel",180,65,2024-02-17
1005,005,"What a disaster... didnâ€™t work at all! ğŸ˜ #fail",50,20,2024-02-16
1001,006,"Coffee is life! â˜•ï¸ #coffeeaddict #morningvibes",140,60,2024-02-15
1002,007,"Finally got my hands on the latest gadget! #Tech",130,45,2024-02-14
1003,008,"Work hard, play harder! #MondayMotivation ğŸ’ª",160,70,2024-02-13
1004,009,"Feeling great after my workout! ğŸ’ª #fitness #health",210,80,2024-02-12
1005,010,,45,10,2024-02-11
1006,011,"Had an amazing time at the concert last night! ğŸ¶ #music",220,90,2024-02-10
1007,012,"Who else is excited for the weekend? ğŸ™Œ #TGIF",,65,2024-02-09
1008,013,"My cat is so cute! ğŸ˜» #cats #pets",200,85,2024-02-08
1009,014,"Finally watched the new movie! ğŸ¬ #movienight",190,60,2024-02-07
1010,015,"Canâ€™t believe how fast time flies! #life",160,55,2024-02-06
1001,016,"Just finished reading a great book! ğŸ“š #bookworm",210,75,2024-02-05
1002,017,"Super excited for the new product launch tomorrow! #launch",230,95,2024-02-04
1003,018,"Spent the day hiking in the mountains! ğŸï¸ #nature #adventure",250,100,2024-02-03
1004,019,"Finally cleaned my room! ğŸ§¹ #organization #tidy",120,40,2024-02-02
1005,020,"Learning something new today! #education #growth",180,60,2024-02-01
1006,021,"Big fan of this new podcast! ğŸ§ #podcastlover",150,55,2024-01-31
1007,022,"Just finished a 10k run! ğŸƒ #fitnessgoals",220,90,2024-01-30
1008,023,"Feeling grateful for my friends! #friendship",180,65,2024-01-29
1009,024,"Best pizza ever! ğŸ• #pizzalover",200,70,2024-01-28
1010,025,"Canâ€™t believe I got tickets for the game! ğŸ€ #sportsfan",230,95,2024-01-27
1001,026,"This cake is delicious! ğŸ° #baking",180,60,2024-01-26
1002,027,"The sunset was so beautiful tonight ğŸŒ… #sunset",160,55,2024-01-25
1003,028,"Just finished a crazy workout! ğŸ‹ï¸â€â™€ï¸ #gymtime",210,80,2024-01-24
1004,029,"Excited for my upcoming vacation! ğŸŒ´ #vacationmode",220,85,2024-01-23
1005,030,"Gotta stop procrastinating! ğŸ˜… #motivation",150,40,2024-01-22
1006,031,"So much love for this band! ğŸ¤ #musicfan",200,90,2024-01-21
1007,032,"Had the best sushi tonight! ğŸ£ #sushilover",160,50,2024-01-20
1008,033,"Exploring new places today! ğŸ—ºï¸ #travelbug",220,95,2024-01-19
1009,034,"Loving the new game I started playing! ğŸ® #gamer",180,70,2024-01-18
1010,035,"So ready for this weekendâ€™s adventure! ğŸ•ï¸ #adventuretime",250,105,2024-01-17
1001,036,"Canâ€™t wait for the weekend! #weekendvibes",210,75,2024-01-16
1002,037,"So excited about this new recipe I found! ğŸ½ï¸ #foodlover",190,65,2024-01-15
1003,038,"Spent the day at the beach! ğŸŒŠ #beachday",240,100,2024-01-14
1004,039,"Just got back from a long road trip! ğŸš— #roadtrip",220,90,2024-01-13
1005,040,"Super productive day at work! ğŸ’¼ #workmode",180,55,2024-01-12
1006,041,"Trying out this new workout routine! ğŸƒâ€â™€ï¸ #fitnessjourney",250,110,2024-01-11
1007,042,"Loving my new book! ğŸ“– #reading",190,60,2024-01-10
1008,043,"Had an amazing time at the art gallery today! ğŸ–¼ï¸ #artlover",200,75,2024-01-09
1009,044,"Spending the day with my family! â¤ï¸ #familytime",230,95,2024-01-08
1010,045,"Finally getting back into yoga! ğŸ§˜â€â™€ï¸ #yogapractice",150,50,2024-01-07
1001,046,"Got a new camera today! ğŸ“¸ #photography",210,90,2024-01-06
1002,047,"Feeling productive today! âœ”ï¸ #workinghard",200,80,2024-01-05
1003,048,"So proud of my latest project! ğŸ¨ #artist",250,120,2024-01-04
1004,049,"The weather is perfect today! ğŸŒ #sunny",180,65,2024-01-03
1005,050,"Celebrating my success today! ğŸ† #achievement",190,70,2024-01-02
1006,051,"Loving this new game! ğŸ® #gamerlife",220,85,2024-01-01
1007,052,"Can't wait for the new movie to release! ğŸ¬ #moviebuff",180,60,2023-12-31
1008,053,"Just got back from the park! ğŸŒ³ #outdoorfun",160,55,2023-12-30
1009,054,"Finally found my dream car! ğŸš— #carenthusiast",250,100,2023-12-29
1010,055,"Spent the day cleaning and organizing! ğŸ§¹ #springcleaning",200,75,2023-12-28
1001,056,"Loving this new pizza place! ğŸ• #foodie",170,50,2023-12-27
1002,057,"Had a relaxing day at home ğŸ›‹ï¸ #chill",140,45,2023-12-26
1003,058,"Tried a new workout today! ğŸ‹ï¸â€â™‚ï¸ #fitnessgoals",190,65,2023-12-25
1004,059,"Nothing beats a good book and coffee ğŸ“šâ˜• #cozytime",160,50,2023-12-24
1005,060,"Had an amazing holiday party! ğŸ‰ #celebration",200,75,2023-12-23
1006,061,"Got a new pair of running shoes today! ğŸ‘Ÿ #fitness",180,60,2023-12-22
1007,062,"Spending time with my siblings today! ğŸ‘¯â€â™€ï¸ #family",220,90,2023-12-21
1008,063,"Visiting new places every week! ğŸ™ï¸ #travelblogger",230,95,2023-12-20
1009,064,"Had a blast at the amusement park today! ğŸ¢ #adventure",250,100,2023-12-19
1010,065,"Starting my day with some yoga! ğŸ§˜â€â™‚ï¸ #mindfulness",210,85,2023-12-18
1001,066,"Happy to be back in the gym! ğŸ‹ï¸ #fitnessmotivation",200,75,2023-12-17
1002,067,"Tried out a new recipe for dinner tonight! ğŸ½ï¸ #cooking",180,65,2023-12-16
1003,068,"Loving this new podcast episode! ğŸ§ #podcastjunkie",210,90,2023-12-15
1004,069,"So glad to be home after a long trip! ğŸ  #home",230,95,2023-12-14
1005,070,"Another amazing day spent with family! â¤ï¸ #familytime",160,50,2023-12-13
1006,071,"Excited for the weekend getaway! ğŸ–ï¸ #vacation",220,85,2023-12-12
1007,072,"Sushi night with friends! ğŸ£ #sushilovers",180,60,2023-12-11
1008,073,"Had an amazing day at the zoo! ğŸ¦ #animallover",250,100,2023-12-10
1009,074,"Canâ€™t believe itâ€™s already the end of the year! ğŸ† #newyears",190,70,2023-12-09
1010,075,"Just started a new book! ğŸ“š #booknerd",230,95,2023-12-08
1001,076,"Just got a new watch! âŒš #timepiece #fashion",150,50,2023-12-07
1002,077,"Love this new recipe I found! ğŸ³ #homecooking",140,45,2023-12-06
1003,078,"Weekend hike with the best views! ğŸï¸ #naturelovers",220,85,2023-12-05
1004,079,"Had a great workout today! ğŸ’ª #fitfam",180,65,2023-12-04
1005,080,"Finally cleaned out my closet! ğŸ§¹ #organization",190,70,2023-12-03
1006,081,"Just bought the latest camera! ğŸ“¸ #photography",250,100,2023-12-02
1007,082,"Movie night with friends! ğŸ¿ğŸ¬ #movienight",200,75,2023-12-01
1008,083,"Loving the weather today! ğŸŒ #sunnyday",160,60,2023-11-30
1009,084,"Just finished a long walk in the park! ğŸš¶â€â™€ï¸ #outdoorlife",170,55,2023-11-29
1010,085,"Had an awesome weekend getaway! ğŸŒ´ #vacation",210,90,2023-11-28
1001,086,"Enjoying my coffee this morning! â˜• #coffeelover",180,50,2023-11-27
1002,087,"Finally tried the best taco in town! ğŸŒ® #foodie",150,45,2023-11-26
1003,088,"Just watched the most amazing documentary! ğŸ¥ #documentarylover",220,80,2023-11-25
1004,089,"Can't believe how fast time flies! â³ #timeflies",130,40,2023-11-24
1005,090,"Spending quality time with family today! â¤ï¸ #familytime",180,65,2023-11-23
1006,091,"Just finished a great workout session! ğŸ‹ï¸â€â™‚ï¸ #fitlife",200,70,2023-11-22
1007,092,"My dog is the cutest! ğŸ¶ #doglover",220,95,2023-11-21
1008,093,"Celebrating a successful project! ğŸ‰ #achievement",250,110,2023-11-20
1009,094,"Had a blast at the party last night! ğŸˆ #partytime",210,80,2023-11-19
1010,095,"Tried a new hairstyle today! ğŸ’‡â€â™€ï¸ #newlook",160,60,2023-11-18
1001,096,"Loving the new sneakers I bought! ğŸ‘Ÿ #fashion",170,55,2023-11-17
1002,097,"Can't wait for the weekend! #weekendvibes",140,50,2023-11-16
1003,098,"Just finished a long walk in the park! ğŸŒ³ #outdoorfun",210,85,2023-11-15
1004,099,"Had an amazing day with friends! ğŸ‘« #goodtimes",200,75,2023-11-14
1005,100,"The best workout I've had in a long time! ğŸ’ª #gymmotivation",230,100,2023-11-13
1006,101,"Got a new book today! ğŸ“– #booklover",180,60,2023-11-12
1007,102,"Exploring the city today! ğŸ™ï¸ #citylife",220,90,2023-11-11
1008,103,"Spent the day at the beach! ğŸ–ï¸ #beachday",250,120,2023-11-10
1009,104,"Had a cozy day indoors with a book! ğŸ“š #relax",160,50,2023-11-09
1010,105,"Excited to start a new hobby! ğŸ¨ #newhobby",190,75,2023-11-08
1001,106,"Loving this new song I found! ğŸ¶ #musiclover",200,85,2023-11-07
1002,107,"Spent the day baking cookies! ğŸª #bakingfun",170,55,2023-11-06
1003,108,"Just got a new phone! ğŸ“± #techlover",230,95,2023-11-05
1004,109,"Tried a new coffee blend today! â˜• #coffeeaddict",150,50,2023-11-04
1005,110,"Finally organized my office space! ğŸ§‘â€ğŸ’» #workspace",180,65,2023-11-03
1006,111,"Had an amazing time at the museum! ğŸ–¼ï¸ #artlover",250,110,2023-11-02
1007,112,"Spent the day exploring the countryside! ğŸš— #roadtrip",220,95,2023-11-01
1008,113,"Loving my new plants! ğŸŒ± #plantlover",200,80,2023-10-31
1009,114,"Had a fantastic night with friends! ğŸ‰ #friendship",210,90,2023-10-30
1010,115,"Canâ€™t wait to try this new recipe tonight! ğŸ´ #homecooking",160,60,2023-10-29
1001,116,"Exploring new music today! ğŸ§ #musicdiscoveries",180,70,2023-10-28
1002,117,"Had an amazing time at the park today! ğŸŒ³ #outdooradventures",230,100,2023-10-27
1003,118,"Just finished a great workout session! ğŸ‹ï¸â€â™€ï¸ #fitnessgoals",200,80,2023-10-26
1004,119,"Celebrating a big win today! ğŸ† #success",250,110,2023-10-25
1005,120,"Enjoying a peaceful day at home! ğŸ¡ #cozy",180,65,2023-10-24
1006,121,"Had a fun night at the movies! ğŸ¿ğŸ¥ #movienight",210,90,2023-10-23
1007,122,"Finally cleaned out my wardrobe! ğŸ‘— #organization",150,55,2023-10-22
1008,123,"Had an awesome time at the gym today! ğŸ‹ï¸â€â™‚ï¸ #fitnessmotivation",220,100,2023-10-21
1009,124,"Loving this new book! ğŸ“š #booklover",160,60,2023-10-20
1010,125,"Spent the day at the zoo today! ğŸ¦ #animallover",250,110,2023-10-19
1001,126,"Tried out a new restaurant today! ğŸ½ï¸ #foodie",180,65,2023-10-18
1002,127,"Spending the day with my family! ğŸ‘¨â€ğŸ‘©â€ğŸ‘§â€ğŸ‘¦ #familytime",230,95,2023-10-17
1003,128,"Finally took a break from work! ğŸ§˜â€â™€ï¸ #selfcare",200,75,2023-10-16
1004,129,,220,90,2023-10-15
1005,130,"Loving the weather today! ğŸŒ #sunny",190,70,2023-10-14
1006,131,"Had a great workout today! ğŸ‹ï¸â€â™‚ï¸ #fitnessjourney",250,120,2023-10-13
1007,132,"Spent the day shopping for new clothes! ğŸ›ï¸ #fashion",160,55,2023-10-12
1008,133,"Just finished my new painting! ğŸ¨ #artist",230,95,2023-10-11
1009,134,"Enjoying my favorite hobby today! ğŸ® #gaming",180,65,2023-10-10
1010,135,"Spent the day cooking a new recipe! ğŸ² #foodlover",190,75,2023-10-09
1001,136,"Enjoying the morning sunshine! ğŸŒ #morningvibes",160,50,2023-10-08
1002,137,"Just got back from a fun road trip! ğŸš— #roadtrip",250,110,2023-10-07
1003,138,"Loving this new podcast episode! ğŸ§ #podcastjunkie",210,90,2023-10-06
1004,139,"Had a blast at the concert last night! ğŸ¶ #music",200,80,2023-10-05
1005,140,"Tried a new workout routine today! ğŸ‹ï¸â€â™€ï¸ #fitgoals",230,100,2023-10-04
1006,141,"Had an amazing family day out! ğŸ‘¨â€ğŸ‘©â€ğŸ‘§â€ğŸ‘¦ #familyfirst",180,60,2023-10-03
1007,142,"Spent the day reading a great book! ğŸ“š #bookworm",170,55,2023-10-02
1008,143,"Loving the new design for my room! ğŸ›‹ï¸ #homedecor",220,95,2023-10-01
1009,144,"Enjoying a quiet evening at home! ğŸ¡ #relaxation",160,50,2023-09-30
1010,145,"Had the best brunch today! ğŸ½ï¸ #brunchvibes",190,65,2023-09-29
1001,146,"Loving this new jacket I bought! ğŸ§¥ #fashion",200,70,2023-09-28
1002,147,"Had a relaxing day at the beach! ğŸ–ï¸ #beachday",220,90,2023-09-27
1003,148,"Just finished an intense workout! ğŸ’ª #fitfam",250,110,2023-09-26
1004,149,"Spent the day hiking with friends! ğŸï¸ #adventure",230,95,2023-09-25
1005,150,"Just made the best smoothie ever! ğŸ¥‘ #healthy",180,60,2023-09-24
1006,151,"Had an awesome workout session today! ğŸ‹ï¸â€â™‚ï¸ #gymtime",250,110,2023-09-23
1007,152,"Exploring new hiking trails today! ğŸ¥¾ #outdooradventures",230,95,2023-09-22
1008,153,"Loving my new headphones! ğŸ§ #musiclover",180,60,2023-09-21
1009,154,"Celebrating my promotion today! ğŸ‰ #achievement",200,80,2023-09-20
1010,155,"Tried out a new dance routine! ğŸ’ƒ #fitnessfun",170,55,2023-09-19
1001,156,"Had a relaxing day at home! ğŸ¡ #cozytime",190,70,2023-09-18
1002,157,"Spending the day in nature! ğŸŒ³ #outdoors",230,100,2023-09-17
1003,158,"Just got a new fitness tracker! âŒš #techlover",220,90,2023-09-16
1004,159,"Had an amazing time at the amusement park! ğŸ¢ #adventuretime",250,120,2023-09-15
1005,160,"Enjoying a quiet day at home with a good book! ğŸ“– #relax",180,60,2023-09-14
1006,161,"Spent the day baking cookies! ğŸª #bakingfun",170,55,2023-09-13
1007,162,"Can't believe how fast this year is going! â³ #timeflies",160,50,2023-09-12
1008,163,"Finally got to see my favorite band live! ğŸ¶ #musicfan",230,100,2023-09-11
1009,164,"Just finished a long run in the park! ğŸƒâ€â™€ï¸ #running",,90,2023-09-10
1010,165,"Had a great time with friends last night! ğŸ» #goodtimes",220,95,2023-09-09
1001,166,"Spending the day at the zoo with the family! ğŸ¦ #familytime",250,110,2023-09-08
1002,167,"Got a new pair of sneakers! ğŸ‘Ÿ #newshoes",180,60,2023-09-07
1003,168,"Had a fun day at the beach! ğŸ–ï¸ #sunnydays",230,100,2023-09-06
1004,169,"Exploring new places in the city today! ğŸ™ï¸ #citylife",220,,2023-09-05
1005,170,"Can't stop thinking about this amazing book I just finished! ğŸ“š #booklover",200,80,2023-09-04
1006,171,"Had a wonderful picnic at the park today! ğŸ‰ #picnicvibes",210,90,2023-09-03
1007,172,"Just watched an amazing documentary on nature! ğŸŒ #documentarylover",190,75,2023-09-02
1008,173,"Trying out a new yoga routine today! ğŸ§˜â€â™€ï¸ #wellness",200,85,2023-09-01
1009,174,"Loving this new fashion trend! ğŸ‘— #fashionista",170,55,2023-08-31
1010,175,"Had the best brunch with friends today! ğŸ¥ #brunch",,65,2023-08-30
1001,176,"Spent the day exploring the countryside! ğŸš— #roadtrip",220,95,2023-08-29
1002,177,"Loving this new podcast series! ğŸ§ #podcastjunkie",200,80,2023-08-28
1003,178,"Had a fantastic workout at the gym! ğŸ‹ï¸â€â™‚ï¸ #fitfam",250,120,2023-08-27
1004,179,"Enjoying a relaxing evening with tea! ğŸµ #cozy",170,55,2023-08-26
1005,180,"Just finished a great workout session! ğŸƒâ€â™€ï¸ #fitnessgoals",210,90,2023-08-25
1006,181,"Spent the afternoon painting! ğŸ¨ #artist",190,70,2023-08-24
1007,182,"Excited to go on my upcoming trip! âœˆï¸ #travelbug",250,110,2023-08-23
1008,183,"Had a great time at the park with the kids! ğŸ‘¨â€ğŸ‘©â€ğŸ‘§â€ğŸ‘¦ #family",230,100,2023-08-22
1009,184,"Loving my new bike! ğŸš² #cycling",220,95,2023-08-21
1010,185,"Just had an amazing dinner with friends! ğŸ½ï¸ #foodie",,65,2023-08-20
1001,186,"Exploring a new hiking trail today! ğŸ¥¾ #nature",210,90,2023-08-19
1002,187,"Spending the day with my pet! ğŸ¾ #petlove",200,80,2023-08-18
1003,188,"Had a great workout at the gym today! ğŸ‹ï¸â€â™€ï¸ #fitness",220,95,2023-08-17
1004,189,,250,110,2023-08-16
1005,190,"Tried a new recipe for dinner tonight! ğŸ´ #foodlover",180,60,2023-08-15
1006,191,"Just watched the latest episode of my favorite show! ğŸ“º #binge",200,85,2023-08-14
1007,192,"Spending the day in the city today! ğŸ™ï¸ #urbanlife",230,100,2023-08-13
1008,193,"Had a relaxing day at the spa today! ğŸ’†â€â™€ï¸ #selfcare",220,95,2023-08-12
1009,194,"Finally finished reading this amazing book! ğŸ“š #bookworm",210,90,2023-08-11
1010,195,"Enjoyed an afternoon coffee with a friend! â˜• #coffeeaddict",190,70,2023-08-10
1001,196,"Had an amazing day at the beach with friends! ğŸ–ï¸ #beachfun",250,120,2023-08-09
1002,197,,220,100,2023-08-08
1003,198,"#fitfam",,85,2023-08-07
1004,199,"Loving this new skincare routine! ğŸ’†â€â™€ï¸ #selfcare",180,60,2023-08-06
1005,200,"Had an amazing time at the fair today! ğŸ¡ #funfair",210,90,2023-08-05
1006,201,"Spending the day with my family today! ğŸ‘¨â€ğŸ‘©â€ğŸ‘§â€ğŸ‘¦ #familyfirst",220,95,2023-08-04
1007,202,"Just got back from an amazing vacation! ğŸŒ´ #travel",,110,2023-08-03
1008,203,"Loving the new coffee blend I found! â˜• #coffeelover",200,80,2023-08-02
1009,204,"Spending the day at a museum! ğŸ–¼ï¸ #artlover",,65,2023-08-01
1010,205,"Had a productive day at work! ğŸ’¼ #workmode",170,55,2023-07-31
1001,206,"Exploring the city with my friends! ğŸ™ï¸ #urbanadventures",230,100,2023-07-30
1002,207,"Had an awesome time at the concert last night! ğŸ¶ #livemusic",220,90,2023-07-29
1003,208,"Just finished reading a great book! ğŸ“š #bookrecommendations",210,80,2023-07-28
1004,209,"Had a fun day with family at the park! ğŸŒ³ #familyfun",180,60,2023-07-27
1005,210,"Enjoying a quiet evening with tea and a book! ğŸµğŸ“– #cozytime",160,50,2023-07-26
1006,211,"Spent the day at the zoo today! ğŸ¦ #wildlife",240,110,2023-07-25
1007,212,"Had a great workout today! ğŸ‹ï¸â€â™‚ï¸ #strength",220,95,2023-07-24
1008,213,"Trying out a new coffee shop today! â˜• #coffeeaddict",200,85,2023-07-23
1009,214,"Had a blast with friends at the beach! ğŸŒŠ #beachvibes",230,100,2023-07-22
1010,215,"Just finished a challenging workout! ğŸ’ª #fitspiration",190,75,2023-07-21
1001,216,"Exploring new restaurants in town! ğŸ½ï¸ #foodie",170,60,2023-07-20
1002,217,"Had a relaxing evening with a movie! ğŸ¬ #movienight",180,65,2023-07-19
1003,218,"Trying out a new hobby today! ğŸ¨ #creative",250,120,2023-07-18
1004,219,"Enjoyed a beautiful day at the beach! ğŸ–ï¸ #oceanlover",210,90,2023-07-17
1005,220,"Had a wonderful day at the art gallery today! ğŸ–¼ï¸ #artlover",220,95,2023-07-16
1006,221,"Loving the sunset view from my window! ğŸŒ… #sunsetvibes #nature",220,95,2023-07-15
1007,222,"Had a blast at the concert last night! ğŸ¤ #musiclover #concerttime",240,110,2023-07-14
1008,223,"Spending the day at the park! ğŸŒ³ #outdoorfun #familytime",210,90,2023-07-13
1009,224,"Just finished an amazing book! ğŸ“š #bookworm #readingtime",200,80,2023-07-12
1010,225,"Finally got my dream sneakers! ğŸ‘Ÿ #fashion #newshoes",180,65,2023-07-11
1001,226,"Tried a new yoga pose today! ğŸ§˜â€â™€ï¸ #yoga #fitness",200,85,2023-07-10
1002,227,"Enjoying a relaxing day with a cup of tea! ğŸµ #selfcare #relaxation",160,50,2023-07-09
1003,228,"Had an awesome workout session today! ğŸ‹ï¸â€â™‚ï¸ #fitnessmotivation #gymtime",250,120,2023-07-08
1004,229,"Went on a beautiful hike today! ğŸï¸ #naturelover #hikingadventures",230,100,2023-07-07
1005,230,"Spent the day shopping for new outfits! ğŸ›ï¸ #fashionista #shoppingday",170,60,2023-07-06
1006,231,"Just finished a long walk around the neighborhood! ğŸš¶â€â™‚ï¸ #outdoorlife #fitnessjourney",200,80,2023-07-05
1007,232,"Had a great time at the beach! ğŸ–ï¸ #beachvibes #sunshine",240,110,2023-07-04
1008,233,"Loving my new pair of sunglasses! ğŸ•¶ï¸ #fashion #accessories",180,60,2023-07-03
1009,234,"Had a peaceful day reading by the lake! ğŸ“– #booklover #nature",220,95,2023-07-02
1010,235,"Spent the day with my best friends! ğŸ‘« #friendship #goodtimes",200,85,2023-07-01
1001,236,"Tried a new healthy smoothie today! ğŸ¥‘ #healthyeating #smoothie",190,70,2023-06-30
1002,237,"Had a productive day at work! ğŸ’¼ #workmode #professional",210,90,2023-06-29
1003,238,"Went on an impromptu road trip! ğŸš— #roadtrip #adventure",250,110,2023-06-28
1004,239,"Had an amazing dinner at a new restaurant! ğŸ½ï¸ #foodie #newrecipes",220,100,2023-06-27
1005,240,"Loving the cozy vibes at home today! ğŸ¡ #cozytime #relax",170,60,2023-06-26
1006,241,"Just got a new backpack! ğŸ’ #fashion #accessories",200,85,2023-06-25
1007,242,"Spending the day hiking through the mountains! ğŸ”ï¸ #nature #hikingadventures",230,100,2023-06-24
1008,243,"Enjoying a peaceful morning walk! ğŸŒ… #morningvibes #nature",190,75,2023-06-23
1009,244,"Had an awesome workout session today! ğŸ‹ï¸â€â™€ï¸ #fitfam #workout",240,110,2023-06-22
1010,245,"Spent the day at an art museum! ğŸ–¼ï¸ #artlover #culture",210,90,2023-06-21
1001,246,"Just finished reading a new book! ğŸ“š #bookworm #readingtime",170,60,2023-06-20
1002,247,"Tried a new yoga routine today! ğŸ§˜â€â™€ï¸ #fitness #selfcare",220,95,2023-06-19
1003,248,"Had an awesome picnic in the park! ğŸ§º #picnicvibes #familytime",230,100,2023-06-18
1004,249,"Just got back from a weekend getaway! ğŸŒ´ #vacation #travel",250,120,2023-06-17
1005,250,"Spent the day making homemade pizza! ğŸ• #cooking #foodie",200,85,2023-06-16
1006,251,"Loving the sunny weather today! ğŸŒ #sunnyday #outdoorfun",210,90,2023-06-15
1007,252,"Had an awesome brunch with friends today! ğŸ³ #brunchvibes #foodie",180,65,2023-06-14
1008,253,"Went to the farmer's market today! ğŸ¥• #localproduce #healthyfood",220,95,2023-06-13
1009,254,"Just bought some new books! ğŸ“š #booklover #readinglist",200,80,2023-06-12
1010,255,"Had a relaxing spa day today! ğŸ’†â€â™€ï¸ #selfcare #relaxation",170,55,2023-06-11
1001,256,"Spent the day exploring a new city! ğŸ™ï¸ #citylife #adventure",250,110,2023-06-10
1002,257,"Had a productive day at work today! ğŸ’¼ #workmode #focus",210,90,2023-06-09
1003,258,"Tried a new restaurant for dinner! ğŸ½ï¸ #foodie #newrecipes",220,100,2023-06-08
1004,259,"Went on a fun hike today! ğŸï¸ #naturelover #hikingadventures",230,105,2023-06-07
1005,260,"Enjoying a cozy day at home with tea! ğŸµ #selfcare #cozytime",200,85,2023-06-06
1006,261,"Had a great time with family at the zoo! ğŸ¦ #familyfun #wildlife",240,110,2023-06-05
1007,262,"Just got a new camera! ğŸ“¸ #photography #techlover",230,100,2023-06-04
1008,263,"Went on a weekend road trip! ğŸš— #roadtrip #adventure",250,120,2023-06-03
1009,264,"Spent the day relaxing at home! ğŸ¡ #cozytime #selfcare",170,,2023-06-02
1010,265,"Just watched the latest episode of my favorite show! ğŸ¬ #binge #movienight",180,70,2023-06-01
1001,266,"Had an amazing workout session today! ğŸ’ª #fitnessmotivation #workout",220,95,2023-05-31
1002,267,"Loving this new fashion trend! ğŸ‘— #fashionista #style",200,80,2023-05-30
1003,268,"Went on a lovely hike today! ğŸ¥¾ #nature #outdooradventures",230,105,2023-05-29
1004,269,"Just finished reading a fascinating book! ğŸ“š #booklover #readinglist",210,90,2023-05-28
1005,270,"Spent the day relaxing by the pool! ğŸŠâ€â™‚ï¸ #poolside #summerfun",220,95,2023-05-27
1006,271,"Tried a new fitness routine today! ğŸ‹ï¸â€â™‚ï¸ #fitfam #workout",230,100,2023-05-26
1007,272,"Had an awesome time with friends at the beach! ğŸ–ï¸ #beachvibes #funinthesun",240,110,2023-05-25
1008,273,"Spent the day baking cookies! ğŸª #bakingfun #homemade",190,75,2023-05-24
1009,274,"Enjoying a relaxing afternoon at the park! ğŸŒ³ #outdoorfun #familytime",200,80,2023-05-23
1010,275,"Loving the new design of my room! ğŸ›‹ï¸ #homeimprovement #interiordecor",180,65,2023-05-22
1001,276,"Had a great time at the park today! ğŸŒ³ #outdoorfun #nature",230,105,2023-05-21
1002,277,"Spent the day reading a great book! ğŸ“š #bookworm #relaxation",170,60,2023-05-20
1003,278,"Went on a lovely bike ride today! ğŸš² #cycling #outdooradventures",210,90,2023-05-19
1004,279,"Enjoying a lazy day at home with Netflix! ğŸ“º #binge #cozytime",160,55,2023-05-18
1005,280,"Had a fun brunch with friends today! ğŸ³ #brunchvibes #foodie",190,70,2023-05-17
1006,281,"Spent the day at the beach with family! ğŸ–ï¸ #familytime #oceanlover",220,100,2023-05-16
1007,282,"Loving this new skincare routine! ğŸ’†â€â™€ï¸ #skincare #selfcare",180,65,2023-05-15
1008,283,"Just finished a long walk around the neighborhood! ğŸš¶â€â™€ï¸ #walking #fitnessjourney",230,110,2023-05-14
1009,284,"Had a great time at the amusement park! ğŸ¢ #adventure #themepark",250,120,2023-05-13
1010,285,"Exploring the city on foot today! ğŸ™ï¸ #citylife #urbanadventures",220,95,2023-05-12
1001,286,"Had a great time at the food festival today! ğŸ½ï¸ #foodie #festival",220,,2023-05-11
1002,287,"Enjoying a peaceful evening with tea and a book! ğŸµğŸ“š #cozytime #booklover",180,70,2023-05-10
1003,288,"Tried a new recipe for dinner tonight! ğŸ• #foodlover #cookingfun",200,80,2023-05-09
1004,289,"Had an amazing workout session today! ğŸ‹ï¸â€â™€ï¸ #fitnessjourney #workoutmotivation",240,110,2023-05-08
1005,290,"Went on a lovely walk around the lake! ğŸŒŠ #outdooradventures #fitness",210,95,2023-05-07
1006,291,"Loving my new fitness tracker! âŒš #techlover #fitnessgoals",220,90,2023-05-06
1007,292,"Spent the day in the mountains hiking! ğŸï¸ #naturelover #hiking",230,105,2023-05-05
1008,293,"Enjoying a cozy evening by the fire! ğŸ”¥ #cozytime #relaxation",170,60,2023-05-04
1009,294,"Had an amazing brunch with friends! ğŸ³ #brunchvibes #goodtimes",200,85,2023-05-03
1010,295,"Tried a new workout routine today! ğŸ‹ï¸â€â™‚ï¸ #fitnessmotivation #workout",250,120,2023-05-02
1001,296,"Loving the new design of my living room! ğŸ›‹ï¸ #interiordecor #homeimprovement",210,90,2023-05-01
1002,297,"Had a fun day at the amusement park with friends! ğŸ¢ #adventuretime #themepark",230,110,2023-04-30
1003,298,"Spent the afternoon reading in the park! ğŸ“– #bookworm #relaxation",200,80,2023-04-29
1004,299,"Just watched a great movie tonight! ğŸ¬ #movienight #binge",190,75,2023-04-28
1005,300,"Had a productive day at work! ğŸ’¼ #workmode #focus",210,90,2023-04-27
1006,301,"Enjoying a relaxing day at the beach! ğŸ–ï¸ #beachvibes #sunnydays",220,100,2023-04-26
1007,302,"Had an amazing workout session today! ğŸ‹ï¸â€â™€ï¸ #fitfam #fitnessmotivation",240,110,2023-04-25
1008,303,"Spending the day at the zoo with the family! ğŸ¦ #familytime #wildlife",230,105,2023-04-24
1009,304,"Had a fantastic time with friends at the park! ğŸŒ³ #outdoorfun #friendship",200,80,2023-04-23
1010,305,"Just finished reading a great book! ğŸ“š #booklover #readingtime",170,60,2023-04-22
1001,306,"Tried a new smoothie recipe today! ğŸ¥‘ #healthyeating #smoothie",190,70,2023-04-21
1002,307,"Went on a weekend getaway to the mountains! ğŸï¸ #vacation #adventure",250,120,2023-04-20
1003,308,"Had a peaceful day at the lake! ğŸŒŠ #outdoorvibes #nature",220,95,2023-04-19
1004,309,"Loving the new design of my office! ğŸ–¥ï¸ #workspace #homeoffice",200,85,2023-04-18
1005,310,"Had an amazing brunch at a new cafe! ğŸ³ #brunchvibes #foodie",210,,2023-04-17
1006,311,"Just finished a fun workout session! ğŸ‹ï¸â€â™‚ï¸ #workoutmotivation #fitness",230,105,2023-04-16
1007,312,"Spending the afternoon painting! ğŸ¨ #creative #artlover",220,95,2023-04-15
1008,313,"Had a great time at the farmer's market today! ğŸ¥• #localproduce #healthyfood",200,80,2023-04-14
1009,314,"Went on a bike ride through the park! ğŸš² #cycling #outdooradventures",210,90,2023-04-13
1010,315,"Enjoying a quiet day at home with a good book! ğŸ“– #cozytime #booklover",170,60,2023-04-12
1001,316,"Had a fantastic time at the fair today! ğŸ¡ #funfair #goodtimes",230,110,2023-04-11
1002,317,"Just got a new camera! ğŸ“¸ #photography #techlover",220,100,2023-04-10
1003,318,"Spending the day hiking through the mountains! ğŸ”ï¸ #nature #adventure",250,120,2023-04-09
1004,319,"Loving this new book Iâ€™m reading! ğŸ“š #bookworm #readingtime",190,75,2023-04-08
1005,320,"Had an amazing workout today! ğŸ‹ï¸â€â™‚ï¸ #fitnessmotivation #fitfam",240,110,2023-04-07
1006,321,"Went on a road trip to the countryside! ğŸš— #roadtrip #adventure",220,95,2023-04-06
1007,322,"Enjoying a sunny afternoon at the park! ğŸŒ³ #outdoorfun #sunnydays",210,90,2023-04-05
1008,323,"Just finished an intense workout session! ğŸƒâ€â™€ï¸ #fitfam #workoutmotivation",230,105,2023-04-04
1009,324,"Spent the day at the beach with friends! ğŸ–ï¸ #beachfun #friendship",240,110,2023-04-03
1010,325,"Loving this new yoga routine I found! ğŸ§˜â€â™€ï¸ #yoga #fitness",200,85,2023-04-02
1001,326,"Had a great time at the park today! ğŸŒ³ #naturelover #outdooradventures",230,100,2023-04-01
1002,327,"Enjoying a relaxing evening at home with a cup of tea! ğŸµ #cozytime #selfcare",170,60,2023-03-31
1003,328,"Just finished a long walk around the neighborhood! ğŸš¶â€â™‚ï¸ #walking #fitnessjourney",200,85,2023-03-30
1004,329,"Had an amazing time with friends at the beach! ğŸŒŠ #beachvibes #sunshine",250,120,2023-03-29
1005,330,"Loving the new workout playlist! ğŸ¶ #fitnessmotivation #workoutmusic",220,90,2023-03-28
1006,331,"Spent the day at a museum with friends! ğŸ–¼ï¸ #artlover #culture",230,100,2023-03-27
1007,332,"Enjoying a day of rest and relaxation! ğŸ›‹ï¸ #selfcare #cozytime",200,80,2023-03-26
1008,333,"Had an amazing time at a yoga retreat! ğŸ§˜â€â™‚ï¸ #yoga #wellness",240,110,2023-03-25
1009,334,"Tried a new workout challenge today! ğŸ‹ï¸â€â™€ï¸ #fitnessjourney #workoutmotivation",250,120,2023-03-24
1010,335,"Had a peaceful day with a good book and coffee! ğŸ“šâ˜• #cozytime #booklover",180,70,2023-03-23
1001,336,"Just got back from a weekend trip! ğŸï¸ #travel #adventure",220,95,2023-03-22
1002,337,"Had a fantastic time at a concert last night! ğŸ¤ #musiclover #livemusic",230,100,2023-03-21
1003,338,"Spent the afternoon painting and relaxing! ğŸ¨ #artlover #selfcare",190,75,2023-03-20
1004,339,"Tried a new smoothie recipe today! ğŸ“ #healthyeating #smoothie",210,90,2023-03-19
1005,340,"Had a blast at a food truck festival today! ğŸŸ #foodie #festival",220,100,2023-03-18
1006,341,"Enjoying the sunny weather at the park! ğŸŒ #outdoorfun #sunshine",200,85,2023-03-17
1007,342,"Just finished an intense workout! ğŸ’ª #fitfam #workout",240,110,2023-03-16
1008,343,"Spent the day hiking in the mountains! ğŸï¸ #naturelover #hiking",230,100,2023-03-15
1009,344,"Had an amazing time with friends at a cafe! ğŸµ #brunchvibes #goodtimes",210,90,2023-03-14
1010,345,"Went to the farmer's market today! ğŸ¥• #localproduce #healthyfood",220,95,2023-03-13
1011,346,"Had an amazing day at the beach! ğŸ–ï¸ #beachlife #vacation",240,110,2023-03-12
1012,347,"Enjoying a peaceful morning walk in the park! ğŸŒ³ #morningvibes #nature",210,95,2023-03-11
1013,348,"Tried a new workout class today! ğŸ§˜â€â™€ï¸ #fitnessmotivation #yoga",230,105,2023-03-10
1014,349,"Had a great brunch with friends today! ğŸ³ #brunchvibes #goodtimes",220,100,2023-03-09
1015,350,"Loving my new hiking boots! ğŸ¥¾ #outdooradventures #hiking",250,120,2023-03-08
1016,351,"Had a relaxing spa day! ğŸ’†â€â™€ï¸ #selfcare #relaxation",190,75,2023-03-07
1017,352,"Went for a long bike ride through the city! ğŸš² #cycling #urbanadventures",200,85,2023-03-06
1018,353,"Spent the day exploring a new neighborhood! ğŸ™ï¸ #citylife #adventure",220,95,2023-03-05
1019,354,"Enjoying a cozy day at home with a cup of coffee! â˜• #cozytime #selfcare",180,65,2023-03-04
1020,355,"Had an awesome time at a music festival! ğŸ¶ #festivalvibes #goodtimes",250,120,2023-03-03
1011,356,"Spent the day hiking with friends! ğŸï¸ #outdoorfun #adventure",230,100,2023-03-02
1012,357,"Just finished reading a fascinating book! ğŸ“š #bookworm #readingtime",170,60,2023-03-01
1013,358,"Went on a road trip today! ğŸš— #roadtrip #travel",220,90,2023-02-28
1014,359,"Had an amazing day at the amusement park! ğŸ¢ #themepark #adventure",240,110,2023-02-27
1015,360,"Loving my new workout gear! ğŸ‹ï¸â€â™€ï¸ #fitfam #fashion",210,85,2023-02-26
1016,361,"Spent the day relaxing in the garden! ğŸŒ· #naturelover #relaxation",180,70,2023-02-25
1017,362,"Enjoying the sunny weather with a bike ride! ğŸš´â€â™‚ï¸ #outdoorfun #fitness",200,80,2023-02-24
1018,363,"Tried a new restaurant for lunch today! ğŸ½ï¸ #foodie #newrecipes",210,90,2023-02-23
1019,364,"Went to a local art gallery today! ğŸ¨ #artlover #culture",220,95,2023-02-22
1020,365,"Had a fun day at the zoo with family! ğŸ¦ #familytime #wildlife",240,110,2023-02-21
1011,366,"Had a blast at a karaoke night! ğŸ¤ #karaoke #goodtimes",190,75,2023-02-20
1012,367,"Spent the day at the farmer's market! ğŸ¥• #healthyfood #localproduce",220,95,2023-02-19
1013,368,"Loving the new cozy sweater I bought! ğŸ§£ #fashion #cozytime",180,65,2023-02-18
1014,369,"Enjoying a peaceful walk along the beach! ğŸŒŠ #beachvibes #nature",240,110,2023-02-17
1015,370,"Had an amazing time at the art museum! ğŸ–¼ï¸ #artlover #culture",230,100,2023-02-16
1016,371,"Spent the day shopping for new clothes! ğŸ‘— #fashionista #shopping",210,90,2023-02-15
1017,372,"Loving the new movie I watched today! ğŸ¬ #movienight #binge",220,95,2023-02-14
1018,373,"Went on a long walk with my dog today! ğŸ¶ #petlover #outdoorfun",200,85,2023-02-13
1019,374,"Tried a new fitness challenge today! ğŸ‹ï¸â€â™‚ï¸ #fitnessmotivation #workout",230,100,2023-02-12
1020,375,"Had a great time at a local festival today! ğŸ‰ #festivalvibes #goodtimes",240,110,2023-02-11
1011,376,"Spent the afternoon exploring new places in town! ğŸ™ï¸ #citylife #adventure",230,105,2023-02-10
1012,377,"Had an amazing day hiking in the mountains! ğŸï¸ #naturelover #hiking",250,120,2023-02-09
1013,378,"Enjoying a cozy evening by the fireplace! ğŸ”¥ #cozytime #relaxation",180,70,2023-02-08
1014,379,"Went to a local market today! ğŸ›ï¸ #shopping #localproduce",200,85,2023-02-07
1015,380,"Had a fun day at a cooking class! ğŸ³ #foodie #cookingfun",220,100,2023-02-06
1016,381,"Just finished a great workout! ğŸ‹ï¸â€â™€ï¸ #fitnessjourney #workout",240,110,2023-02-05
1017,382,"Spent the afternoon at the park reading! ğŸ“– #booklover #outdoorfun",210,90,2023-02-04
1018,383,"Had an amazing time at a dance class today! ğŸ’ƒ #dance #fitness",230,100,2023-02-03
1019,384,"Went on a scenic bike ride today! ğŸš´â€â™‚ï¸ #cycling #outdooradventures",220,95,2023-02-02
1020,385,"Loving the new workout gear I bought! ğŸ‹ï¸â€â™€ï¸ #fitfam #fitnessstyle",210,90,2023-02-01
1011,386,"Spent the day with family at the beach! ğŸ–ï¸ #familytime #beachfun",240,110,2023-01-31
1012,387,"Tried a new restaurant today! ğŸ½ï¸ #foodie #newrecipes",200,85,2023-01-30
1013,388,"Had a great time hiking in the mountains! ğŸ”ï¸ #hiking #nature",230,100,2023-01-29
1014,389,"Spent the day baking cookies with friends! ğŸª #bakingfun #goodtimes",180,65,2023-01-28
1015,390,"Had an awesome workout session today! ğŸ‹ï¸â€â™‚ï¸ #fitnessmotivation #workout",240,110,2023-01-27
1016,391,"Went for a peaceful walk in the park today! ğŸŒ³ #outdoorfun #nature",210,95,2023-01-26
1017,392,"Spent the day exploring new hiking trails! ğŸï¸ #naturelover #hiking",220,100,2023-01-25
1018,393,"Had a relaxing afternoon reading in the garden! ğŸŒ» #bookworm #relaxation",180,70,2023-01-24
1019,394,"Had a fantastic time with friends at a comedy show! ğŸ¤ #goodtimes #comedy",250,120,2023-01-23
1020,395,"Just finished an amazing yoga session! ğŸ§˜â€â™€ï¸ #yoga #fitness",230,105,2023-01-22
1011,396,"Spent the day at the zoo with the family! ğŸ¦ #familyfun #wildlife",240,110,2023-01-21
1012,397,"Tried a new smoothie recipe today! ğŸ¥‘ #smoothie #healthyeating",190,75,2023-01-20
1013,398,"Had a great time at a music concert! ğŸ¶ #concertvibes #goodtimes",,,2023-01-19
1014,399,"Went for a bike ride along the coast today! ğŸš´â€â™‚ï¸ #cycling #outdoorfun",220,95,2023-01-18
1015,400,"Had an awesome brunch with friends! ğŸ³ #brunchvibes #foodie",210,90,2023-01-17
1021,401,"Had a great workout session today! ğŸ’ª @john_doe #fitnessmotivation #workout",240,110,2023-01-16
1022,402,"Spent the afternoon at the zoo with @susan_89! ğŸ¦ #wildlife #familytime",220,95,2023-01-15
1023,403,"Tried a new smoothie recipe this morning! ğŸ“ @smoothiequeen #healthyeating #smoothie",200,90,2023-01-14
1024,404,"Had a blast at the concert with @rockstar_22 ğŸ¶ #livemusic #goodtimes",250,120,2023-01-13
1025,405,"Went on a long hike with @adventureseeker ğŸŒ² #hiking #outdoorfun",230,100,2023-01-12
1026,406,"Enjoyed a peaceful afternoon walk in the park with @michael_smith ğŸŒ³ #nature #outdoorfun",210,95,2023-01-11
1027,407,"Had a great brunch with @foodlover_88 ğŸ³ #brunchvibes #foodie",,100,2023-01-10
1028,408,"Just watched the latest movie with @filmfanatic ğŸ¬ #movienight #binge",230,105,2023-01-09
1029,409,"Loving my new workout routine, thanks @fitguru for the inspiration! ğŸ‹ï¸â€â™€ï¸ #fitnessjourney #motivation",240,110,2023-01-08
1030,410,"Went for a bike ride with @cyclingfan ğŸš´â€â™€ï¸ #cycling #outdooradventures",200,,2023-01-07
1031,411,"Had a great time hiking at the mountain with @nature_explorer ğŸï¸ #adventure #outdoorfun",230,100,2023-01-06
1032,412,"Spent the day with @emily_sparks at the beach! ğŸŒŠ #beachvibes #sunshine",220,90,2023-01-05
1033,413,"Enjoying a quiet evening at home with @cozy_vibes ğŸ›‹ï¸ #selfcare #relaxation",170,70,2023-01-04
1034,414,"Had an amazing brunch with @thebrunchclub ğŸ½ï¸ #brunchvibes #goodtimes",210,95,2023-01-03
1035,415,"Just finished a yoga session with @yogamaster ğŸ§˜â€â™‚ï¸ #yoga #fitnessgoals",230,105,2023-01-02
1036,416,"Went to the local farmer's market with @freshproduce_fan ğŸ¥• #localproduce #healthyeating",220,100,2023-01-01
1037,417,"Had a fun time at the theme park with @thrillseeker ğŸ¢ #themepark #adventure",250,120,2022-12-31
1038,418,"Loving this new book I got, thanks @bookworm_13 for the recommendation! ğŸ“š #booklover #readingtime",190,75,2022-12-30
1039,419,"Spent the day at the art museum with @artlover_21 ğŸ¨ #culture #artgallery",230,105,2022-12-29
1040,420,"Just finished a productive day of work! @professional_joe ğŸ’¼ #workmode #focus",220,90,2022-12-28
1041,421,"Had an amazing workout session with @fit_freak ğŸ‹ï¸â€â™€ï¸ #fitnessmotivation #workout",240,110,2022-12-27
1042,422,"Went for a long walk in the park with @outdoor_enthusiast ğŸŒ³ #walking #fitnessjourney",210,95,2022-12-26
1043,423,"Enjoying a cozy night in with @moviebuff_09 ğŸ¬ #movienight #relaxation",170,60,2022-12-25
1044,424,"Had an amazing time with @friends_forever at the beach today! ğŸ–ï¸ #beachfun #sunnydays",240,110,2022-12-24
1045,425,"Tried a new recipe for dinner today, @chef_karen would be proud! ğŸ½ï¸ #cookingfun #foodie",220,100,2022-12-23
1046,426,"Enjoyed an afternoon coffee with @coffeeaddict â˜• #cozytime #coffee",200,80,2022-12-22
1047,427,"Had a fantastic time at the concert with @music_lover ğŸ¤ #livemusic #festivalvibes",250,120,2022-12-21
1048,428,"Went hiking with @trailmaster ğŸï¸ #hikingadventures #outdoorfun",230,105,2022-12-20
1049,429,"Spent the day with @family_time at the zoo! ğŸ¦ #familyday #wildlife",220,90,2022-12-19
1050,430,"Just finished a great workout with @fitness_queen ğŸ‹ï¸â€â™‚ï¸ #fitfam #workoutmotivation",240,110,2022-12-18
1051,431,"Had a fun afternoon at the park with @park_buddy ğŸŒ³ #outdoorfun #sunnyday",210,95,2022-12-17
1052,432,"Enjoying a relaxing day with @self_care_queen ğŸ› #selfcare #relaxation",180,70,2022-12-16
1053,433,"Tried a new yoga pose today with @yogafriends ğŸ§˜â€â™‚ï¸ #fitnessgoals #yoga",230,100,2022-12-15
1054,434,"Spent the day shopping with @fashionista_22 ğŸ‘— #shopping #fashion",210,85,2022-12-14
1055,435,"Had a great brunch with @sundaybrunchclub ğŸ³ #brunchvibes #foodie",220,95,2022-12-13
1056,436,"Went for a walk in the park with @dogmom ğŸ• #doglover #outdoorfun",200,80,2022-12-12
1057,437,"Had an amazing day at the spa with @relaxationguru ğŸ’†â€â™€ï¸ #selfcare #pamper",240,110,2022-12-11
1058,438,"Just finished an intense workout with @fit_nation ğŸ‹ï¸â€â™‚ï¸ #fitnessjourney #workout",230,100,2022-12-10
1059,439,"Enjoying a sunny afternoon with @sunnyvibes â˜€ï¸ #outdoorfun #sunshine",210,90,2022-12-09
1060,440,"Spent the day exploring with @cityadventures ğŸŒ‡ #urbanexplorer #citylife",230,105,2022-12-08
1061,441,"Had a blast at the food truck festival with @foodie_jane ğŸ´ #foodtruck #festivalvibes",220,95,2022-12-07
1062,442,"Went to a fun party with @party_king ğŸ‰ #goodtimes #celebration",240,110,2022-12-06
1063,443,"Loving my new workout gear thanks to @gymfashionista ğŸ‹ï¸â€â™€ï¸ #fitnessstyle #workout",210,85,2022-12-05
1064,444,"Had a wonderful time at the lake with @wateradventures ğŸŒŠ #outdoorfun #lakevibes",220,95,2022-12-04
1065,445,"Spent the afternoon at the farmer's market with @freshfoodie ğŸ¥• #healthyeating #localproduce",200,80,2022-12-03
1066,446,"Had a relaxing day with @quietmoments at home ğŸ¡ #cozytime #selfcare",180,70,2022-12-02
1067,447,"Went on a long bike ride with @cycle_fanatic ğŸš´â€â™‚ï¸ #cycling #outdooradventures",240,110,2022-12-01
1068,448,"Had a cozy day with @book_lover_22 ğŸ“š #bookworm #readingtime",170,65,2022-11-30
1069,449,"Enjoyed a beautiful sunset with @sunsetchasers ğŸŒ… #naturelover #sunset",220,90,2022-11-29
1070,450,"Tried a new workout class today with @fitness_guru ğŸ‹ï¸â€â™‚ï¸ #fitnessgoals #workoutmotivation",230,105,2022-11-28
1071,451,"Had a blast at the movie theater with @movielover ğŸ¿ #movienight #goodtimes",240,110,2022-11-27
1072,452,"Went for a long walk with @outdoor_enthusiast ğŸŒ³ #hiking #nature",210,95,2022-11-26
1073,453,"Had an awesome time with @friends_fun at a karaoke bar ğŸ¤ #goodtimes #party",220,100,2022-11-25
1074,454,"Spent the day with @explorewithme in the mountains ğŸï¸ #hikingadventures #nature",240,110,2022-11-24
1075,455,"Loving this new workout routine, thanks @fitness_expert ğŸ‹ï¸â€â™€ï¸ #fitnessjourney #workout",230,105,2022-11-23
1076,456,"Had a great time with @family_time at the zoo! ğŸ¦ #familyday #wildlife",220,90,2022-11-22
1077,457,"Just finished a great workout with @fitfam ğŸ‹ï¸â€â™‚ï¸ #fitnessmotivation #workout",240,110,2022-11-21
1078,458,"Spent the afternoon with @sundaychill in the park ğŸŒ³ #relaxation #outdoorfun",200,85,2022-11-20
1079,459,"Tried a new recipe with @chef_mary ğŸ½ï¸ #foodie #cookingfun",220,95,2022-11-19
1080,460,"Enjoying a great cup of coffee with @coffee_lover â˜• #cozytime #morningvibes",190,75,2022-11-18
1081,461,"Had an amazing workout with @trainer_jake ğŸ‹ï¸â€â™‚ï¸ #fitnessjourney #workoutmotivation",240,110,2022-11-17
1082,462,"Spent the day at the beach with @surfing_queen ğŸ„â€â™€ï¸ #beachvibes #oceanlover",250,120,2022-11-16
1083,463,"Enjoyed a lovely dinner with @foodguru ğŸ #dinnerdate #foodie",220,100,2022-11-15
1084,464,"Had a cozy afternoon reading with @bookworm_jane ğŸ“š #readingtime #booklover",200,85,2022-11-14
1085,465,"Went hiking with @mountain_king ğŸï¸ #hikingadventures #outdoorfun",230,105,2022-11-13
1086,466,"Had an amazing time at the comedy show with @funnybunny ğŸ¤ #goodtimes #laughter",240,110,2022-11-12
1087,467,"Spent the day shopping with @fashionista_sara ğŸ‘— #shopping #fashion",210,90,2022-11-11
1088,468,"Had a blast at the concert with @musicfan_22 ğŸ¶ #livemusic #festivalvibes",250,120,2022-11-10
1089,469,"Went for a morning jog with @runfanatic ğŸƒâ€â™€ï¸ #morningrun #fitness",220,95,2022-11-09
1090,470,"Just finished a yoga session with @yogalove ğŸ§˜â€â™€ï¸ #yogapractice #wellness",230,105,2022-11-08
1091,471,"Had a fun brunch with @sundayspecial ğŸ³ #brunchvibes #foodie",200,85,2022-11-07
1092,472,"Enjoying a scenic walk with @outdoor_adventures ğŸŒ³ #walking #naturelover",210,95,2022-11-06
1093,473,"Loving the new yoga mat I bought, thanks @fit_yogi ğŸ§˜â€â™‚ï¸ #yoga #fitnessstyle",230,105,2022-11-05
1094,474,"Had a great time at the theme park with @adventure_lover ğŸ¢ #rollercoaster #fun",240,110,2022-11-04
1095,475,"Went on a photography walk with @shutterbug ğŸ“¸ #photography #nature",220,90,2022-11-03
1096,476,"Tried a new recipe with @kitchen_guru ğŸ´ #cookingfun #foodie",200,80,2022-11-02
1097,477,"Enjoying a cup of tea with @teatime_queen ğŸµ #cozytime #tea",180,70,2022-11-01
1098,478,"Spent the day at the museum with @artenthusiast ğŸ¨ #artlover #culture",230,100,2022-10-31
1099,479,"Had a fun workout with @fit_enthusiast ğŸ‹ï¸â€â™€ï¸ #fitnessmotivation #workout",240,110,2022-10-30
1100,480,"Spent the day exploring the city with @urban_explorer ğŸŒ† #citylife #adventure",220,95,2022-10-29
1101,481,"Went to the zoo with @animal_lovers ğŸ¦ #wildlife #familytime",210,90,2022-10-28
1102,482,"Had an amazing time at the beach with @beachbum ğŸŒŠ #beachlife #ocean",240,110,2022-10-27
1103,483,"Went for a long bike ride with @cyclist_king ğŸš´â€â™€ï¸ #cycling #outdooradventures",230,100,2022-10-26
1104,484,"Had a fun day at the park with @familyfun ğŸŒ³ #parkday #familytime",210,95,2022-10-25
1105,485,"Tried a new fitness class with @fitnesstrainer ğŸ‹ï¸â€â™‚ï¸ #fitnessgoals #workout",220,100,2022-10-24
1106,486,"Had a lovely day at the spa with @relaxation_expert ğŸ’†â€â™€ï¸ #selfcare #pamper",230,105,2022-10-23
1107,487,"Had a delicious lunch with @gourmetchef ğŸ½ï¸ #lunchdate #foodie",220,95,2022-10-22
1108,488,"Spent the day at the farmer's market with @freshproduce_lover ğŸ¥• #localproduce #healthyeating",210,90,2022-10-21
1109,489,"Had a blast at the party with @party_animal ğŸ‰ #goodtimes #celebration",240,110,2022-10-20
1110,490,"Went hiking in the mountains with @mountain_hiker ğŸï¸ #naturelover #adventure",230,105,2022-10-19
1111,491,"Spent the afternoon with @doglover ğŸ• #dogwalk #outdoorfun",200,85,2022-10-18
1112,492,"Had an awesome workout with @strength_fitness ğŸ‹ï¸â€â™€ï¸ #fitfam #workoutmotivation",240,110,2022-10-17
1113,493,"Enjoying a fun picnic with @picnic_buddies ğŸ§º #picnic #outdoorfun",220,95,2022-10-16
1114,494,"Just finished a long bike ride with @bike_enthusiast ğŸš´â€â™‚ï¸ #cycling #fitnessjourney",230,100,2022-10-15
1115,495,"Had an amazing day at the art gallery with @artcollector ğŸ¨ #artlover #culture",240,110,2022-10-14
1116,496,"Went to the beach with @seasidelovers ğŸ–ï¸ #beachfun #sunshine",250,120,2022-10-13
1117,497,"Had an awesome brunch with @weekend_brunchers ğŸ³ #brunchvibes #foodie",220,100,2022-10-12
1118,498,"Spent the day at the park with @outdoor_explorers ğŸŒ³ #naturelover #familyfun",210,95,2022-10-11
1119,499,"Went for a scenic drive with @roadtrip_fan ğŸš— #roadtrip #adventure",230,105,2022-10-10
1120,500,"Had a fun workout with @gym_partner ğŸ‹ï¸â€â™‚ï¸ #fitnessgoals #workout",240,110,2022-10-09


